,date,open,high,low,close,volume,turnover,change_pct,symbol,stock_id,change_percent,turnover_rate,cluster
0,2025-01-16,319.52893623693444,323.7472452108295,314.23222283720315,317.18513318358873,42245,,,600519,600519,0.0,0.0,1
1,2025-01-17,317.0474945883728,333.16340979019935,313.4738918817733,320.35828480538055,26753,,,600519,600519,0.0,0.0,1
2,2025-01-18,327.1972755773445,336.8107118096043,318.16449499114066,326.5060264888596,76198,,,600519,600519,0.0,0.0,1
3,2025-01-19,333.9441562513412,338.867397463774,324.18186964509687,328.8088947933974,81314,,,600519,600519,0.0,0.0,1
4,2025-01-20,327.36938630060274,344.2890871514577,328.0096456918281,333.8668047963691,6820,,,600519,600519,0.0,0.0,1
5,2025-01-21,330.9933234112982,338.71085928899396,328.4869958331004,330.0981553261005,37745,,,600519,600519,0.0,0.0,1
6,2025-01-22,330.4989006808652,329.4348920224614,319.83733582857616,325.2696895103173,7564,,,600519,600519,0.0,0.0,1
7,2025-01-23,326.2634385708651,334.35480088196647,324.5135098705702,327.4607789286172,34344,,,600519,600519,0.0,0.0,1
8,2025-01-24,325.2891644367183,340.91877773111065,328.9454053675019,329.3972342859149,25132,,,600519,600519,0.0,0.0,1
9,2025-01-25,319.24473480918044,335.6714330794209,316.202579443424,323.2480580790524,11415,,,600519,600519,0.0,0.0,1
10,2025-01-26,328.116858257085,340.4164644154638,325.6115452298065,328.15841070961613,32280,,,600519,600519,0.0,0.0,1
11,2025-01-27,328.32201103626437,344.756166494507,327.4630520241177,333.12796031579796,38891,,,600519,600519,0.0,0.0,1
12,2025-01-28,334.78054481830543,345.19531908292174,332.76088034382366,339.40211192658387,11080,,,600519,600519,0.0,0.0,1
13,2025-01-29,341.1026576880982,349.5355750940116,333.6098345721561,336.6317633322378,78659,,,600519,600519,0.0,0.0,1
14,2025-01-30,336.12464894247626,343.8951056604511,325.1360096197423,331.5011425349791,99224,,,600519,600519,0.0,0.0,1
15,2025-01-31,328.9017078738556,340.5026934935228,327.7345918450217,332.00757688893935,42152,,,600519,600519,0.0,0.0,1
16,2025-02-01,342.4483267217624,341.84448899169354,326.2216436370346,336.06598140839026,82538,,,600519,600519,0.0,0.0,1
17,2025-02-02,335.1551047193563,341.9232027484357,322.2158121757365,331.98900597591177,3361,,,600519,600519,0.0,0.0,1
18,2025-02-03,333.14907451140243,344.2217308284533,327.41437178981994,334.5558552193557,79335,,,600519,600519,0.0,0.0,1
19,2025-02-04,336.4439892191057,349.25958117471555,336.05957326968195,337.35940034558115,39943,,,600519,600519,0.0,0.0,1
20,2025-02-05,340.47632897566143,345.29237201317864,329.44270930391906,339.09447951668403,91185,,,600519,600519,0.0,0.0,1
21,2025-02-06,335.79863435062936,347.0165789866372,338.9034716817787,339.57430916766344,37012,,,600519,600519,0.0,0.0,1
22,2025-02-07,343.3622644335242,352.6484074829805,337.17627669417277,345.792985754176,95206,,,600519,600519,0.0,0.0,1
23,2025-02-08,345.4021095243772,353.46076567341333,341.43447635622294,345.54585518674503,59459,,,600519,600519,0.0,0.0,1
24,2025-02-09,333.7437158517766,345.1085794053467,336.42312810801286,338.8604876801436,12151,,,600519,600519,0.0,0.0,1
25,2025-02-10,336.37789622852875,344.06574089174416,328.4756971415338,337.4734772178652,20105,,,600519,600519,0.0,0.0,1
26,2025-02-11,336.4547020345199,340.7869977917439,330.751660004255,333.7706788165185,89506,,,600519,600519,0.0,0.0,1
27,2025-02-12,342.28517696643274,345.0235902338082,338.1374580984661,338.2840772287823,71659,,,600519,600519,0.0,0.0,1
28,2025-02-13,336.4593061083954,344.6346541994543,333.81140543405223,334.1293580652518,44016,,,600519,600519,0.0,0.0,1
29,2025-02-14,333.0105867451446,336.8586370926813,321.5480861785227,330.65860885382125,83645,,,600519,600519,0.0,0.0,1
30,2025-02-15,336.0523767217136,335.04061373677854,327.84253048371426,331.70371812536376,66677,,,600519,600519,0.0,0.0,1
31,2025-02-16,334.35286108791627,338.45695777371685,325.9801345118345,332.45852504331907,41037,,,600519,600519,0.0,0.0,1
32,2025-02-17,333.99556263825633,348.8268972871242,332.0589733684292,337.50940917613633,85617,,,600519,600519,0.0,0.0,1
33,2025-02-18,334.18476584430783,348.00572218629185,331.0013788973399,340.5285704687417,33805,,,600519,600519,0.0,0.0,1
34,2025-02-19,337.6335648914404,352.72185617264984,333.10753452306534,341.11579297734505,20425,,,600519,600519,0.0,0.0,1
35,2025-02-20,338.7974631491544,350.1829329206848,341.0042516648614,345.6433716707689,5025,,,600519,600519,0.0,0.0,1
36,2025-02-21,339.44267419125464,353.17149478416826,339.48737741720555,341.6734217132883,31310,,,600519,600519,0.0,0.0,1
37,2025-02-22,339.9750783894901,339.4222609193675,329.7796276352528,335.8098391430957,80089,,,600519,600519,0.0,0.0,1
38,2025-02-23,337.8347488348776,345.7477835862386,331.06872843460536,338.97167638092617,78079,,,600519,600519,0.0,0.0,1
39,2025-02-24,336.84885218696303,349.99384990671206,340.23385170333165,341.4095509828864,24410,,,600519,600519,0.0,0.0,1
40,2025-02-25,340.1489697871386,359.5239204111099,339.6883079054584,346.9296961280772,57723,,,600519,600519,0.0,0.0,1
41,2025-02-26,348.3818845654727,359.9552009552789,347.15292950999236,347.8338775402866,75142,,,600519,600519,0.0,0.0,1
42,2025-02-27,344.77095423167447,358.03610616869406,340.8005558508471,349.26882933592674,2731,,,600519,600519,0.0,0.0,1
43,2025-02-28,354.8929284241233,363.4397262411331,348.15005686433625,349.9978460991081,62707,,,600519,600519,0.0,0.0,1
44,2025-03-01,351.0061122517039,354.1191364454948,337.5978942105359,347.6418828077429,6721,,,600519,600519,0.0,0.0,1
45,2025-03-02,342.901342290645,358.3671246216589,336.2281279600049,345.35123610340486,95476,,,600519,600519,0.0,0.0,1
46,2025-03-03,344.58326658512937,357.99266687902855,347.0248539153939,347.08926031383123,48570,,,600519,600519,0.0,0.0,1
47,2025-03-04,355.9280009682031,363.8300803089113,347.73292094722154,351.552489389663,93867,,,600519,600519,0.0,0.0,1
48,2025-03-05,359.1522222718541,363.7683088047152,345.54249074134816,352.7139629078508,7114,,,600519,600519,0.0,0.0,1
49,2025-03-06,348.81189967080775,366.6790197328801,344.9973816908727,353.62986761853523,82564,,,600519,600519,0.0,0.0,1
50,2025-03-07,351.03283707868417,366.27122364921587,354.00642887133705,354.0237995237483,97210,,,600519,600519,0.0,0.0,1
51,2025-03-08,346.93487483736675,365.24225144459524,348.0165424259245,352.2708428174643,90233,,,600519,600519,0.0,0.0,1
52,2025-03-09,350.7542462972515,360.88554755400577,346.31940693393886,354.89015350993014,62219,,,600519,600519,0.0,0.0,1
53,2025-03-10,360.2131328677897,360.8594768832646,352.8668199087619,357.167174307878,38039,,,600519,600519,0.0,0.0,1
54,2025-03-11,356.47294221270363,371.5141659340342,356.6141356225746,362.561563432562,79872,,,600519,600519,0.0,0.0,1
55,2025-03-12,358.5033377127015,367.40058035476534,346.58893492672854,355.81405717385303,87273,,,600519,600519,0.0,0.0,1
56,2025-03-13,368.9739489015373,368.17578714701074,355.41821872421104,362.37079675591417,95397,,,600519,600519,0.0,0.0,1
57,2025-03-14,356.8918652946272,368.8211524671157,359.00995160590736,361.9024071962023,66711,,,600519,600519,0.0,0.0,1
58,2025-03-15,363.20158236387687,369.84790374630995,363.26321193130826,363.59666699852943,43808,,,600519,600519,0.0,0.0,1
59,2025-03-16,365.7491401817421,371.7646202547642,357.83576981000016,358.7540267229846,31029,,,600519,600519,0.0,0.0,1
60,2025-03-17,363.42775282453596,370.2129605595171,362.0400026284208,362.1816872446498,19848,,,600519,600519,0.0,0.0,1
61,2025-03-18,355.5719767637632,371.96519952412365,350.36864574565544,361.10881168040214,28307,,,600519,600519,0.0,0.0,1
62,2025-03-19,352.727857939042,364.5691590108458,348.8815034899108,357.01647513669866,2588,,,600519,600519,0.0,0.0,1
63,2025-03-20,361.08487643023574,367.62155223087166,362.1576568983375,363.7077195664792,25954,,,600519,600519,0.0,0.0,1
64,2025-03-21,363.29313732231486,380.15156716985274,362.6350663868005,365.7594401323792,51754,,,600519,600519,0.0,0.0,1
65,2025-03-22,375.3785851045212,376.5182267714412,366.48675073466154,370.3269191902912,83387,,,600519,600519,0.0,0.0,1
66,2025-03-23,375.3214791676752,385.81313465617166,373.18572736143204,377.57384345070204,98860,,,600519,600519,0.0,0.0,1
67,2025-03-24,382.32829922502304,385.8915780855576,372.66237897163484,376.5818012999273,20867,,,600519,600519,0.0,0.0,1
68,2025-03-25,385.69693418647097,385.7980566351698,379.0452379607562,379.7490638028298,85848,,,600519,600519,0.0,0.0,1
69,2025-03-26,372.1026236752352,382.5591398689092,372.6445590285771,372.7458107499983,25308,,,600519,600519,0.0,0.0,1
70,2025-03-27,365.01012005123766,376.9509666940663,360.4507670246048,371.2706213863667,28030,,,600519,600519,0.0,0.0,1
71,2025-03-28,363.98383058500264,383.6711598516573,363.1043346127193,370.3924346717494,35195,,,600519,600519,0.0,0.0,1
72,2025-03-29,373.39666074143435,375.5591042093495,362.4827987592382,368.485858391199,63720,,,600519,600519,0.0,0.0,1
73,2025-03-30,373.22580016750567,378.3817942902958,364.35479915441437,368.3571224628733,11438,,,600519,600519,0.0,0.0,1
74,2025-03-31,367.09125149552955,377.6897978743053,367.0808625665693,371.80868523113526,37870,,,600519,600519,0.0,0.0,1
75,2025-04-01,368.24970990136654,382.88755673537065,367.5790441690123,373.2679951813359,86211,,,600519,600519,0.0,0.0,1
76,2025-04-02,370.47026499024344,377.264257255692,361.7698097122572,371.6462396805476,32980,,,600519,600519,0.0,0.0,1
77,2025-04-03,363.87837611637275,383.6117322964872,360.7453397821892,370.922804254665,72472,,,600519,600519,0.0,0.0,1
78,2025-04-04,374.20389860523557,381.567052230373,359.97999165599987,368.39811054686623,9230,,,600519,600519,0.0,0.0,1
79,2025-04-05,371.1794439497147,380.3350258842216,369.07199777427775,373.24141273139406,64083,,,600519,600519,0.0,0.0,1
80,2025-04-06,365.7624745357788,383.20451930634874,367.06837427981685,370.5107242095254,66334,,,600519,600519,0.0,0.0,1
81,2025-04-07,357.33439246245945,372.5067658915406,359.82390110258297,364.00831989583986,63060,,,600519,600519,0.0,0.0,1
82,2025-04-08,352.8486344826454,372.08851456795725,347.6654919348951,358.1627538670139,27546,,,600519,600519,0.0,0.0,1
83,2025-04-09,353.24670903562804,361.3875311118765,346.34598468000803,355.30271279388234,32086,,,600519,600519,0.0,0.0,1
84,2025-04-10,346.267548362926,359.0409989947746,343.5958182603379,349.2727038019341,4773,,,600519,600519,0.0,0.0,1
85,2025-04-11,341.2802819436587,359.4085135926161,337.62449717894253,347.724342348047,53353,,,600519,600519,0.0,0.0,1
86,2025-04-12,348.71185466025446,352.1850348800804,337.56265197353406,345.6516511953957,86055,,,600519,600519,0.0,0.0,1
87,2025-04-13,342.8527535533965,360.7488438140876,345.9869819401035,348.86679116394856,98918,,,600519,600519,0.0,0.0,1
88,2025-04-14,345.33341810675125,352.77002831406304,338.8110595086858,346.5010160857409,23125,,,600519,600519,0.0,0.0,1
89,2025-04-15,344.59046568431523,351.04965384672056,343.42514022138664,346.76701687299465,50803,,,600519,600519,0.0,0.0,1
90,2025-04-16,339.0538585274809,349.74585226684144,340.39775079211296,340.78899019841555,50279,,,600519,600519,0.0,0.0,1
91,2025-01-16,257.26779737690487,267.1558232973172,257.1373153375213,258.54205843662754,69019,,,601398,601398,0.0,0.0,1
92,2025-01-17,259.7166101015137,267.49076890736956,255.1290729822386,259.33679965781556,49954,,,601398,601398,0.0,0.0,1
93,2025-01-18,251.80027144425887,259.5741322488263,249.77875970580152,254.8509400579142,99022,,,601398,601398,0.0,0.0,0
94,2025-01-19,258.0712093152576,266.876674720417,252.42541806423836,256.6836706305751,88114,,,601398,601398,0.0,0.0,0
95,2025-01-20,256.0509229596633,264.9673687688258,257.03291740091424,257.4451581517163,1644,,,601398,601398,0.0,0.0,2
96,2025-01-21,254.2658826610022,261.46806027772135,252.46927384378483,254.12113302699575,6868,,,601398,601398,0.0,0.0,2
97,2025-01-22,256.92594614452753,265.75762102145103,252.7918188163711,255.62359633252845,6157,,,601398,601398,0.0,0.0,2
98,2025-01-23,254.11353577719186,258.4956395317561,248.76013752566593,251.34773090387284,7872,,,601398,601398,0.0,0.0,2
99,2025-01-24,253.1235513901575,253.10835388820223,249.26978741256193,249.89831991132155,13865,,,601398,601398,0.0,0.0,2
100,2025-01-25,250.15686511786245,251.79782276829533,239.34084195993705,245.8530955702917,27112,,,601398,601398,0.0,0.0,2
101,2025-01-26,242.43686020641536,254.96731220994454,243.263066839275,246.8249904223496,7602,,,601398,601398,0.0,0.0,2
102,2025-01-27,247.78447641375993,255.8023714948501,247.8554503412675,251.59689558669882,28569,,,601398,601398,0.0,0.0,2
103,2025-01-28,252.8062264269736,259.9195542842898,249.32904220460532,254.75284816889305,68838,,,601398,601398,0.0,0.0,1
104,2025-01-29,257.79062280001034,261.95742894797706,250.3927790609658,253.02257692289177,60191,,,601398,601398,0.0,0.0,1
105,2025-01-30,255.7729400166095,263.91943758692105,253.45932370085953,257.96985498127486,64058,,,601398,601398,0.0,0.0,1
106,2025-01-31,256.70417212530697,265.09863758819944,249.54811707646886,256.70233451498547,39858,,,601398,601398,0.0,0.0,1
107,2025-02-01,259.42423561756635,267.13571218793334,255.8125620556825,259.9260916152541,66457,,,601398,601398,0.0,0.0,1
108,2025-02-02,261.60492813959604,265.58794968029054,253.2820649458333,257.5964742340198,11565,,,601398,601398,0.0,0.0,2
109,2025-02-03,257.1946015493473,260.192066661753,251.58383541891027,257.28510454103053,41408,,,601398,601398,0.0,0.0,1
110,2025-02-04,257.1160153393946,263.83836860255695,252.4242976945102,259.9616295699577,12106,,,601398,601398,0.0,0.0,2
111,2025-02-05,261.78926197602834,265.03140956005444,260.4960643641911,262.32310531760606,95911,,,601398,601398,0.0,0.0,0
112,2025-02-06,266.1474068486168,271.47124730863794,253.2664012184787,261.07535117782703,91988,,,601398,601398,0.0,0.0,0
113,2025-02-07,259.39225802558303,267.3534730523088,255.20845864189442,261.66482628612687,57042,,,601398,601398,0.0,0.0,1
114,2025-02-08,260.84023429084203,264.9431126545114,253.51293747979747,258.6304388955946,40453,,,601398,601398,0.0,0.0,1
115,2025-02-09,257.533678934053,266.0259102547216,262.01974830709514,262.3115387800053,90682,,,601398,601398,0.0,0.0,0
116,2025-02-10,265.06000758702356,275.95850446165554,264.1250803731386,266.4841466384347,54381,,,601398,601398,0.0,0.0,1
117,2025-02-11,260.2416025757084,270.30923494868694,254.18170194456252,261.54094329859913,30610,,,601398,601398,0.0,0.0,1
118,2025-02-12,254.64533638905957,263.0999796246066,255.39438280429158,258.9383926809195,9620,,,601398,601398,0.0,0.0,2
119,2025-02-13,261.420793635938,268.2992066011594,257.60047027132254,260.0926450089465,44175,,,601398,601398,0.0,0.0,1
120,2025-02-14,261.80134366014994,269.1033142284107,258.2437623040943,259.78326146402554,4512,,,601398,601398,0.0,0.0,2
121,2025-02-15,252.94607505449815,265.0331398085432,252.44087790908438,256.2153041455839,69521,,,601398,601398,0.0,0.0,1
122,2025-02-16,258.8590537705363,262.18308242753835,248.08468542119408,255.61304592402018,98205,,,601398,601398,0.0,0.0,0
123,2025-02-17,261.07384657626625,263.1421499122592,254.8953761909699,256.19549104276484,16973,,,601398,601398,0.0,0.0,2
124,2025-02-18,260.9761324893024,269.01382265129376,254.0875608448248,258.96485899667147,29135,,,601398,601398,0.0,0.0,2
125,2025-02-19,262.4899373943015,266.8896929934789,258.70218158447267,263.7364699633511,44249,,,601398,601398,0.0,0.0,1
126,2025-02-20,262.44038996496937,266.4020731128729,259.95579554352656,262.14649484260434,45615,,,601398,601398,0.0,0.0,1
127,2025-02-21,255.99034190695923,266.15451814431185,256.61761892094245,259.30157245731255,2836,,,601398,601398,0.0,0.0,2
128,2025-02-22,267.6125880121347,271.5499742624668,262.39797592228365,263.2480789231877,48377,,,601398,601398,0.0,0.0,1
129,2025-02-23,266.7875740393571,266.6913019437686,258.3737264119443,263.21323193849105,55051,,,601398,601398,0.0,0.0,1
130,2025-02-24,265.5137893773121,267.3039364178456,254.33148411566896,260.77385529858486,14397,,,601398,601398,0.0,0.0,2
131,2025-02-25,266.46584834942604,268.86539542739393,258.59854734915456,264.3386052399117,57601,,,601398,601398,0.0,0.0,1
132,2025-02-26,263.2569930364867,276.9775705639491,266.4248946669962,268.01578966397557,35380,,,601398,601398,0.0,0.0,1
133,2025-02-27,272.1933513193267,279.4379181703637,264.234343916404,268.78176474823,38717,,,601398,601398,0.0,0.0,1
134,2025-02-28,265.12173811235533,280.2011905532009,262.244091676678,269.9947907829978,30590,,,601398,601398,0.0,0.0,1
135,2025-03-01,271.16229689268494,278.076935277931,264.82124913836424,271.8981012315919,81052,,,601398,601398,0.0,0.0,1
136,2025-03-02,272.5368530078961,276.4217548432467,267.5364719991063,273.3527820036842,67165,,,601398,601398,0.0,0.0,1
137,2025-03-03,279.5267392118829,281.02500356154576,277.85992530204135,277.877971541028,25540,,,601398,601398,0.0,0.0,1
138,2025-03-04,268.7426207084386,278.8233980612548,272.4674646076723,274.22704059769205,91933,,,601398,601398,0.0,0.0,0
139,2025-03-05,272.9722324145282,277.4479001324473,266.24480537818374,269.6205648783463,52638,,,601398,601398,0.0,0.0,1
140,2025-03-06,262.7911018715898,268.0011788006477,258.22467501807307,265.1458487053095,25205,,,601398,601398,0.0,0.0,2
141,2025-03-07,260.6088389629112,271.91502298970056,263.2880289997703,264.5475907626829,35320,,,601398,601398,0.0,0.0,1
142,2025-03-08,265.57580863609127,277.2681856835776,266.93357692318426,269.815356535042,25689,,,601398,601398,0.0,0.0,1
143,2025-03-09,271.70406944041986,274.69760277649334,267.3817828231151,271.715091301095,60646,,,601398,601398,0.0,0.0,1
144,2025-03-10,271.43636204714574,275.2984342852586,266.5222356393281,271.99212107009373,69265,,,601398,601398,0.0,0.0,1
145,2025-03-11,266.7468834089144,274.4530732530689,263.8674749427729,269.69003893170157,38524,,,601398,601398,0.0,0.0,1
146,2025-03-12,272.9443873286835,273.75443315096663,260.24332969332715,267.94911374708056,79144,,,601398,601398,0.0,0.0,1
147,2025-03-13,261.2815913192725,274.22130555287646,258.6164208671449,263.985177351576,12971,,,601398,601398,0.0,0.0,2
148,2025-03-14,263.99043701672036,270.2075855877161,259.90846087886314,262.61216209422895,18968,,,601398,601398,0.0,0.0,2
149,2025-03-15,257.05787052212963,261.90232969832937,254.36858820116342,258.465256372496,24519,,,601398,601398,0.0,0.0,2
150,2025-03-16,258.7699684982907,262.8814306852872,248.13979329229892,255.8132974355073,5403,,,601398,601398,0.0,0.0,2
151,2025-03-17,248.14262175003842,255.69536812842665,247.76910070331115,251.6951885002553,98437,,,601398,601398,0.0,0.0,0
152,2025-03-18,257.74926448476,259.78228311144517,254.38348020411186,256.6719864893173,78196,,,601398,601398,0.0,0.0,0
153,2025-03-19,254.70296394082922,268.52486524421965,259.27282564813913,259.7175867534571,9412,,,601398,601398,0.0,0.0,2
154,2025-03-20,259.44625138242213,262.38438464629604,253.79480956696136,258.3248640087488,56281,,,601398,601398,0.0,0.0,1
155,2025-03-21,258.12976553863876,262.2222084356753,253.2405276751211,259.12179522937015,54091,,,601398,601398,0.0,0.0,1
156,2025-03-22,264.6283621461905,272.27261830670915,256.18195803853257,263.311953630492,72264,,,601398,601398,0.0,0.0,1
157,2025-03-23,263.1501916118583,264.4575232935681,255.04222562172745,260.749576915139,15052,,,601398,601398,0.0,0.0,2
158,2025-03-24,251.08323412992303,259.62222745390994,252.82318585763974,255.92199565420407,75523,,,601398,601398,0.0,0.0,0
159,2025-03-25,250.25485944584784,259.0058563478776,252.39390782248552,252.51799688105035,85614,,,601398,601398,0.0,0.0,0
160,2025-03-26,252.3445599210236,256.0158657400371,250.57234475099418,250.61964735894125,91775,,,601398,601398,0.0,0.0,0
161,2025-03-27,243.03633785912461,254.07148340198313,242.1139807266657,247.39722431582612,94171,,,601398,601398,0.0,0.0,0
162,2025-03-28,247.78147043491782,249.42542416479944,237.51189354084386,243.77217051651357,82656,,,601398,601398,0.0,0.0,0
163,2025-03-29,245.34580716615406,250.02912600848,241.23425863224074,242.78979397729736,80284,,,601398,601398,0.0,0.0,0
164,2025-03-30,241.05488463096435,246.87110007398837,232.44733784735678,239.63524069989154,69104,,,601398,601398,0.0,0.0,0
165,2025-03-31,236.92365151917346,246.85481251757278,234.5063083770086,240.50860475278353,97180,,,601398,601398,0.0,0.0,0
166,2025-04-01,235.91900752259966,246.31647454016243,236.9525233998929,237.9923607606816,68352,,,601398,601398,0.0,0.0,0
167,2025-04-02,241.4753134374615,246.17472216516515,238.1380809745813,240.14703037906332,39310,,,601398,601398,0.0,0.0,2
168,2025-04-03,234.96100708302623,245.24658186391935,234.71676362629373,239.0606220535711,91904,,,601398,601398,0.0,0.0,0
169,2025-04-04,230.6129262986461,242.2342426443175,228.73760877342036,234.7330774323813,89411,,,601398,601398,0.0,0.0,0
170,2025-04-05,227.9345422009756,238.15127317988808,227.72129993542563,232.025709616851,76321,,,601398,601398,0.0,0.0,0
171,2025-04-06,230.3580586223462,232.5493507678595,226.14573112730204,227.8574665562916,35199,,,601398,601398,0.0,0.0,2
172,2025-04-07,226.8296192081359,234.07334563107298,224.13291728220037,226.39182170737993,41710,,,601398,601398,0.0,0.0,2
173,2025-04-08,229.9682737867961,234.84390611688326,225.348876353232,226.22472664033313,44702,,,601398,601398,0.0,0.0,2
174,2025-04-09,227.2163212548885,233.5389396500626,223.9896792123458,225.46296873632184,24770,,,601398,601398,0.0,0.0,2
175,2025-04-10,222.61564884488192,230.95180104783387,223.41683617540525,224.09797473610203,98907,,,601398,601398,0.0,0.0,0
176,2025-04-11,223.37252444381247,224.40485055859133,218.07705828049941,219.76851110503154,36835,,,601398,601398,0.0,0.0,2
177,2025-04-12,216.44266809681594,223.3784714459708,217.36767986259582,218.03765057030918,26176,,,601398,601398,0.0,0.0,2
178,2025-04-13,213.58788096516685,224.98390566804082,215.78369156730778,217.74183188054263,96713,,,601398,601398,0.0,0.0,0
179,2025-04-14,218.5641991248135,228.1138868050874,215.9328305416044,221.7938255612197,51148,,,601398,601398,0.0,0.0,2
180,2025-04-15,218.9017799313198,223.9601712439912,217.99560920927468,219.29735782323266,43977,,,601398,601398,0.0,0.0,2
181,2025-04-16,221.47959365396656,224.93111955979163,218.73678897522808,221.6131121565288,51020,,,601398,601398,0.0,0.0,2
182,2025-01-16,129.74447397500433,132.89990316681275,128.25194726002638,129.22644174605256,5949,,,600036,600036,0.0,0.0,2
183,2025-01-17,126.65103420729619,131.61934483032897,128.25242979071734,128.8325974538512,1556,,,600036,600036,0.0,0.0,2
184,2025-01-18,129.98159832105048,129.96931406720202,124.36841010318754,127.83002362591797,24303,,,600036,600036,0.0,0.0,2
185,2025-01-19,130.1890404208201,134.1845240967009,125.66308329454523,129.38432975148987,97448,,,600036,600036,0.0,0.0,0
186,2025-01-20,132.9194714137253,136.8146828544404,129.1440336686416,131.6410184726118,47866,,,600036,600036,0.0,0.0,2
187,2025-01-21,130.06922472079782,134.61985852885195,129.69854590574144,130.80753550129947,50913,,,600036,600036,0.0,0.0,2
188,2025-01-22,134.21163313040867,134.16132228092593,131.06384612120738,131.70018949317515,10986,,,600036,600036,0.0,0.0,2
189,2025-01-23,135.77537531644822,137.20123020123384,133.41947913384544,133.608091260745,70448,,,600036,600036,0.0,0.0,0
190,2025-01-24,131.6202860394846,135.3394162074165,130.33802358017124,132.23430263728585,14332,,,600036,600036,0.0,0.0,2
191,2025-01-25,132.33224229837293,136.81419283050747,131.8095474182899,132.66791596735496,45508,,,600036,600036,0.0,0.0,2
192,2025-01-26,130.79787812987377,136.70014785746002,131.63512964323584,131.96251228649427,34953,,,600036,600036,0.0,0.0,2
193,2025-01-27,132.31954237843348,132.25497006509164,126.22279545419595,130.11595160246023,94569,,,600036,600036,0.0,0.0,0
194,2025-01-28,127.52978640930462,132.81638869191042,126.27233320463753,130.04778545694737,99018,,,600036,600036,0.0,0.0,0
195,2025-01-29,132.33208416184763,133.63510096010077,130.06764293808325,131.71955955002716,86293,,,600036,600036,0.0,0.0,0
196,2025-01-30,128.34642400017913,134.40316176234995,128.85664634670943,130.9535899196423,37815,,,600036,600036,0.0,0.0,2
197,2025-01-31,134.3978975145047,135.93315435663536,132.4985932353178,132.9011227128825,19518,,,600036,600036,0.0,0.0,2
198,2025-02-01,131.5634739198696,134.53969189238393,129.90027986482437,131.68536601264017,9698,,,600036,600036,0.0,0.0,2
199,2025-02-02,132.37565728349927,136.40468582055198,130.4313885619043,134.2695891399972,83243,,,600036,600036,0.0,0.0,0
200,2025-02-03,135.85289664287484,139.26006211482897,135.3897930484349,136.55722203815242,77379,,,600036,600036,0.0,0.0,0
201,2025-02-04,136.6737608952502,138.9110829914526,131.47489190492198,134.6962792913938,56855,,,600036,600036,0.0,0.0,0
202,2025-02-05,136.40159064966136,135.88688667401368,130.227331171923,133.947880113686,84324,,,600036,600036,0.0,0.0,0
203,2025-02-06,134.30175671241162,139.09161368894507,131.7118792554197,135.3741121337717,56591,,,600036,600036,0.0,0.0,0
204,2025-02-07,131.47021455264078,136.1178328557101,131.446053001941,133.260950589357,5476,,,600036,600036,0.0,0.0,2
205,2025-02-08,130.76090676122374,135.84131095339558,128.45444589818322,130.748341095333,92852,,,600036,600036,0.0,0.0,0
206,2025-02-09,131.97008082612965,135.8263781742912,130.93186960758973,131.2456328762062,15002,,,600036,600036,0.0,0.0,2
207,2025-02-10,127.79452472275996,131.65551408769974,126.2450773503558,128.7461005021724,46887,,,600036,600036,0.0,0.0,2
208,2025-02-11,125.04859924227293,130.9726738227225,124.63862601673821,126.96524055322769,33299,,,600036,600036,0.0,0.0,2
209,2025-02-12,128.78014410101517,130.12578547691407,127.25305117174643,128.2086776338452,57905,,,600036,600036,0.0,0.0,0
210,2025-02-13,124.80870342127321,130.25329532886892,123.40479435821065,126.9111782587072,82077,,,600036,600036,0.0,0.0,0
211,2025-02-14,127.53052314717489,131.68927790177574,125.50030351567047,129.3099027524985,7467,,,600036,600036,0.0,0.0,2
212,2025-02-15,125.53282725392086,129.236856087191,124.5473624024735,126.75540456756299,10866,,,600036,600036,0.0,0.0,2
213,2025-02-16,129.53704990106013,129.09425678075317,124.3842778001772,127.04825710393983,82143,,,600036,600036,0.0,0.0,0
214,2025-02-17,123.65877199925035,126.66555626549246,122.68765409196159,124.6964123498759,85121,,,600036,600036,0.0,0.0,0
215,2025-02-18,121.30538371031732,126.73258531438245,120.49925658676065,122.44733606396568,82564,,,600036,600036,0.0,0.0,0
216,2025-02-19,125.69278938210715,125.33107340505221,123.322916058268,123.34933165654483,26542,,,600036,600036,0.0,0.0,2
217,2025-02-20,125.77635501590153,129.84606400322636,123.90364694078288,125.19501183355455,54421,,,600036,600036,0.0,0.0,0
218,2025-02-21,126.18457596637926,130.60087869201666,124.28258854517937,127.09169662670337,76974,,,600036,600036,0.0,0.0,0
219,2025-02-22,128.62682025363443,131.29737245381415,127.4169288405228,128.84247601838968,21378,,,600036,600036,0.0,0.0,2
220,2025-02-23,125.56123431456884,129.1168547534529,126.91202655201357,127.12696840117339,20646,,,600036,600036,0.0,0.0,2
221,2025-02-24,128.22057787486312,132.37878833386847,128.09020358391592,129.26294094264819,76610,,,600036,600036,0.0,0.0,0
222,2025-02-25,128.87970044806156,136.39767846846388,129.87407464453514,131.19137158753477,35878,,,600036,600036,0.0,0.0,2
223,2025-02-26,129.45407796303218,134.8272961588185,126.90266119678257,130.4588601695676,75913,,,600036,600036,0.0,0.0,0
224,2025-02-27,129.7962158344864,134.58582567369675,129.6530762382758,132.36575407920705,33723,,,600036,600036,0.0,0.0,2
225,2025-02-28,128.43414110697591,133.8773573788738,130.21167614374605,131.04722342169893,59906,,,600036,600036,0.0,0.0,0
226,2025-03-01,128.2286679408349,133.1231046589754,129.11365880147906,130.5722758197741,17151,,,600036,600036,0.0,0.0,2
227,2025-03-02,130.27140497203735,136.95898264990674,128.68378488735783,132.30476626222386,55374,,,600036,600036,0.0,0.0,0
228,2025-03-03,130.38066407079535,133.3025013538128,128.54808237668695,130.22518058610683,35460,,,600036,600036,0.0,0.0,2
229,2025-03-04,133.80427069273728,134.14601838376825,128.30781117724158,131.67340750548365,63664,,,600036,600036,0.0,0.0,0
230,2025-03-05,131.20521895515725,136.1496185660461,128.07628590896942,131.65088572847637,32571,,,600036,600036,0.0,0.0,2
231,2025-03-06,128.08522441478837,133.180596999841,126.56659740394105,129.03910394448687,6131,,,600036,600036,0.0,0.0,2
232,2025-03-07,130.31061038335406,130.8980427536805,128.6041968180368,128.84626850081725,18619,,,600036,600036,0.0,0.0,2
233,2025-03-08,125.25382147629063,129.15642332686176,124.54245449819375,127.54463201102783,73436,,,600036,600036,0.0,0.0,0
234,2025-03-09,129.7743939777798,133.5004884682841,127.67942700205334,128.7388515178094,1179,,,600036,600036,0.0,0.0,2
235,2025-03-10,129.05984153614293,134.0040555884753,126.08246067970362,129.8331518897101,93185,,,600036,600036,0.0,0.0,0
236,2025-03-11,128.3509386528734,131.79740754295062,129.70378326127974,130.31010428359232,75620,,,600036,600036,0.0,0.0,0
237,2025-03-12,126.93434532955104,132.8812690112719,128.02894219983258,128.26965643694672,75365,,,600036,600036,0.0,0.0,0
238,2025-03-13,126.34632833584524,131.26806208165507,125.8752484839847,126.9961671887288,49066,,,600036,600036,0.0,0.0,2
239,2025-03-14,122.86386088475948,125.89855949844733,122.83535744502846,124.48681144492082,92506,,,600036,600036,0.0,0.0,0
240,2025-03-15,124.59705285460305,126.76636263046458,122.61011750602356,123.58306418283561,57751,,,600036,600036,0.0,0.0,0
241,2025-03-16,125.15751741747752,126.90214585222563,122.3892431891892,123.73875847943849,85851,,,600036,600036,0.0,0.0,0
242,2025-03-17,119.89644142014394,123.6907773357831,121.18617327628913,121.96031619657619,50036,,,600036,600036,0.0,0.0,2
243,2025-03-18,123.93613844471821,127.04020819660936,122.27475269780889,122.34299398397881,69827,,,600036,600036,0.0,0.0,0
244,2025-03-19,124.84606656883632,125.97766287279553,120.88581285248412,123.87411529697432,91202,,,600036,600036,0.0,0.0,0
245,2025-03-20,120.03662537178188,124.49855866097339,121.03917079691008,121.52683083876835,13006,,,600036,600036,0.0,0.0,2
246,2025-03-21,121.55009744014201,126.7181594208951,119.40871878139345,122.19990309797905,89763,,,600036,600036,0.0,0.0,0
247,2025-03-22,122.75145730949441,127.00373035226743,122.39391046361565,123.77833385676433,70836,,,600036,600036,0.0,0.0,0
248,2025-03-23,122.22092261296201,126.12158072549121,121.57831254904323,124.12259522243846,55752,,,600036,600036,0.0,0.0,0
249,2025-03-24,123.50037738144225,125.64528317125453,120.14336321592103,122.64392898025642,1527,,,600036,600036,0.0,0.0,2
250,2025-03-25,123.89798511171301,126.4669362538907,122.87429478141378,124.09202730484073,65761,,,600036,600036,0.0,0.0,0
251,2025-03-26,124.67002373754005,130.18455807393093,124.41149567628896,125.29096507959957,3474,,,600036,600036,0.0,0.0,2
252,2025-03-27,121.31043843498772,128.19196228926754,119.85804396082416,123.32547744414723,83731,,,600036,600036,0.0,0.0,0
253,2025-03-28,121.55842468520713,124.77998465703887,119.36346822461847,121.53845093688173,49313,,,600036,600036,0.0,0.0,2
254,2025-03-29,118.31372548938178,123.02839097328116,116.67842857828589,120.26338066128696,93778,,,600036,600036,0.0,0.0,0
255,2025-03-30,123.89698286223117,124.82474531421187,121.6101707879601,122.28774850027561,59723,,,600036,600036,0.0,0.0,0
256,2025-03-31,120.9185828763573,121.83366897555598,117.58767292786203,120.12926505304118,1864,,,600036,600036,0.0,0.0,2
257,2025-04-01,115.91657915321161,120.39740343824762,114.61823661042304,117.76349461427023,38194,,,600036,600036,0.0,0.0,2
258,2025-04-02,116.80742452988093,119.53329587361665,115.14793094976528,116.52092453141559,35847,,,600036,600036,0.0,0.0,2
259,2025-04-03,113.25297737243562,116.88035844040392,113.34789884895721,115.24460912464251,89211,,,600036,600036,0.0,0.0,0
260,2025-04-04,115.2390551500248,121.09973842964139,117.02967422493187,117.42007249869877,14839,,,600036,600036,0.0,0.0,2
261,2025-04-05,117.34967080351768,120.68094640999851,117.63265259734362,118.51898594275782,49000,,,600036,600036,0.0,0.0,2
262,2025-04-06,117.9556146060554,124.01856517174305,118.67477003719773,120.33102445230195,33254,,,600036,600036,0.0,0.0,2
263,2025-04-07,120.39087274697206,123.24184761729148,118.7461792974122,119.9470887644286,60566,,,600036,600036,0.0,0.0,0
264,2025-04-08,121.2544485913926,122.89081372553017,118.441135432284,121.57470711009292,96214,,,600036,600036,0.0,0.0,0
265,2025-04-09,122.33596808232234,126.7406211858341,121.1436413553932,122.56972232679522,64617,,,600036,600036,0.0,0.0,0
266,2025-04-10,123.7587838975006,123.11075425812898,120.08562217994145,121.38956201937953,62655,,,600036,600036,0.0,0.0,0
267,2025-04-11,121.61039033444702,125.2688957822927,121.91110256106144,122.94523842384683,73775,,,600036,600036,0.0,0.0,0
268,2025-04-12,124.91792499083846,125.81979582211956,119.57111742912181,123.13730076082264,51525,,,600036,600036,0.0,0.0,2
269,2025-04-13,124.58076692772774,127.2293351711923,122.44246393076568,124.26607287528293,41738,,,600036,600036,0.0,0.0,2
270,2025-04-14,125.65120726530284,128.35669053503594,123.0299030195446,126.28989643191862,31722,,,600036,600036,0.0,0.0,2
271,2025-04-15,129.85738579844906,131.14481003691262,127.09844515607713,127.94165682842302,93560,,,600036,600036,0.0,0.0,0
272,2025-04-16,124.92087675243417,130.08838504633408,126.63210579738896,126.92456855292703,16892,,,600036,600036,0.0,0.0,2
273,2025-01-16,153.67620751457125,161.70707873163,153.4707828459873,156.71360532102497,15813,,,000001,000001,0.0,0.0,2
274,2025-01-17,154.77202227533226,161.93752065797852,155.2635237438519,156.90658054691465,17042,,,000001,000001,0.0,0.0,2
275,2025-01-18,156.98067171044872,160.60221521627764,151.20009367251882,155.20936663300787,50095,,,000001,000001,0.0,0.0,2
276,2025-01-19,155.54682490484223,157.7125253907203,153.89895692491024,154.20608160953992,15899,,,000001,000001,0.0,0.0,2
277,2025-01-20,152.67010145763743,155.62777701598324,150.94009190532844,152.9666912567734,75345,,,000001,000001,0.0,0.0,0
278,2025-01-21,152.5180888706348,158.36673310995775,154.4611092877903,155.39557620375172,9913,,,000001,000001,0.0,0.0,2
279,2025-01-22,159.88855584080525,161.00459016937913,156.14683844514857,157.80425554672422,80294,,,000001,000001,0.0,0.0,0
280,2025-01-23,162.3591499133394,164.0696350829253,157.07042013986162,159.923593615968,12458,,,000001,000001,0.0,0.0,2
281,2025-01-24,159.92206278812344,162.5768023310756,157.30837737071772,158.59058579772008,7560,,,000001,000001,0.0,0.0,2
282,2025-01-25,155.4726157064694,159.1421087554974,153.10276608082634,155.42441013379278,39800,,,000001,000001,0.0,0.0,2
283,2025-01-26,152.3826641564139,157.9694239109587,150.09707190293588,153.6353744997553,40444,,,000001,000001,0.0,0.0,2
284,2025-01-27,156.42069713166794,159.8334512750808,153.9578591327334,155.8984017004962,66389,,,000001,000001,0.0,0.0,0
285,2025-01-28,157.98267368279465,161.40659683179246,152.10282193189366,155.32753541496314,43045,,,000001,000001,0.0,0.0,2
286,2025-01-29,156.31152073120765,157.5745542049341,155.31606757381866,155.36759682715498,79586,,,000001,000001,0.0,0.0,0
287,2025-01-30,156.66540214647193,161.03660873821465,153.658253018156,155.4323632381372,86457,,,000001,000001,0.0,0.0,0
288,2025-01-31,155.52658920924307,162.58255856443094,153.89111911522474,156.46947450347878,56495,,,000001,000001,0.0,0.0,0
289,2025-02-01,159.76932589404598,163.74194062344503,155.09293502630894,158.46266092359633,23340,,,000001,000001,0.0,0.0,2
290,2025-02-02,156.99540960286075,163.55683236199437,156.1712227567459,157.67994989516316,32977,,,000001,000001,0.0,0.0,2
291,2025-02-03,161.24823984512136,166.23279032981733,157.63492055271368,160.67570909870443,2537,,,000001,000001,0.0,0.0,2
292,2025-02-04,162.8800895132428,165.37891574160693,158.46311950797732,161.1117411501595,8323,,,000001,000001,0.0,0.0,2
293,2025-02-05,160.69461787083583,163.93766581834936,157.93522920154038,158.60110607851846,47120,,,000001,000001,0.0,0.0,2
294,2025-02-06,162.25896702720573,166.14277789232995,156.16380299783975,160.88135814835726,19222,,,000001,000001,0.0,0.0,2
295,2025-02-07,159.99557163912687,161.9443751237013,155.74725912626607,159.26214894655536,31372,,,000001,000001,0.0,0.0,2
296,2025-02-08,159.90869204753176,160.72903644446788,157.9699140989098,158.28354064427307,85734,,,000001,000001,0.0,0.0,0
297,2025-02-09,158.34136003232067,164.04867477912052,156.129131557532,159.0818255808991,15788,,,000001,000001,0.0,0.0,2
298,2025-02-10,156.1057451069395,163.38432865009713,158.45987306235847,158.98138867377082,61221,,,000001,000001,0.0,0.0,0
299,2025-02-11,162.63726668896103,163.2410755923276,156.5735341653209,159.559027464899,97977,,,000001,000001,0.0,0.0,0
300,2025-02-12,162.9597080287741,163.9871361828768,158.90842996059084,161.42336373101045,85460,,,000001,000001,0.0,0.0,0
301,2025-02-13,164.93487579861971,166.92950508062592,159.25157930963493,163.10665939230879,57166,,,000001,000001,0.0,0.0,0
302,2025-02-14,160.76862755182358,168.11309072930624,157.6413209621669,161.90393728135498,58945,,,000001,000001,0.0,0.0,0
303,2025-02-15,160.495980701576,164.63629445196,156.9835609275155,159.09436406589043,68378,,,000001,000001,0.0,0.0,0
304,2025-02-16,157.13075906427545,165.12598846225293,154.79791439780246,158.9511077830825,96792,,,000001,000001,0.0,0.0,0
305,2025-02-17,159.96345215211988,161.60268745223,153.94775686640847,156.96812764747384,4082,,,000001,000001,0.0,0.0,2
306,2025-02-18,155.02395946558738,161.1138168515271,155.11118853840728,158.18012397395233,43393,,,000001,000001,0.0,0.0,2
307,2025-02-19,154.20532876481423,157.32685439881152,153.75131899613672,155.2326157878202,65114,,,000001,000001,0.0,0.0,0
308,2025-02-20,160.986200660656,163.82379809183294,154.21785328240634,157.94945518897072,89550,,,000001,000001,0.0,0.0,0
309,2025-02-21,155.45528924997507,160.89874767089785,153.51896235276013,156.42126906634837,75095,,,000001,000001,0.0,0.0,0
310,2025-02-22,158.38329841586906,158.81726804068788,155.91965108015611,156.5617398753837,58199,,,000001,000001,0.0,0.0,0
311,2025-02-23,159.9707246067615,164.04963860411252,157.8366750895515,157.84118087096968,19381,,,000001,000001,0.0,0.0,2
312,2025-02-24,159.84198651108466,162.35133226629785,157.70754503821115,160.59298853587129,2172,,,000001,000001,0.0,0.0,2
313,2025-02-25,163.49500765393933,164.1475697104602,161.46681668146348,162.27193967833637,60532,,,000001,000001,0.0,0.0,0
314,2025-02-26,160.46169404236008,166.49626705590967,157.1529445977528,160.49261213571705,72668,,,000001,000001,0.0,0.0,0
315,2025-02-27,158.42423295709403,163.3986711155899,156.93314500281906,158.61616505185305,11021,,,000001,000001,0.0,0.0,2
316,2025-02-28,156.642516607948,161.63548188952285,154.8298802649343,158.24058884413566,40586,,,000001,000001,0.0,0.0,2
317,2025-03-01,162.06455066724732,166.54998042691935,157.4416703661443,160.59886660734776,99898,,,000001,000001,0.0,0.0,0
318,2025-03-02,159.46444742424706,165.66154786227042,158.81021058209404,160.0753231771585,21947,,,000001,000001,0.0,0.0,2
319,2025-03-03,156.07023345920302,161.4293058749363,155.95228513595248,158.09586120761,45186,,,000001,000001,0.0,0.0,2
320,2025-03-04,156.3105568101511,160.66158257855074,152.50958581967782,155.16906534659773,11030,,,000001,000001,0.0,0.0,2
321,2025-03-05,157.2500163257165,161.22920346160254,155.83073033112763,157.38876260275174,60632,,,000001,000001,0.0,0.0,0
322,2025-03-06,154.1836474065955,162.48388321127132,152.51991868336685,156.42688076896835,89137,,,000001,000001,0.0,0.0,0
323,2025-03-07,156.74794770377522,159.02565558212814,152.83155418172672,156.86364120951725,92466,,,000001,000001,0.0,0.0,0
324,2025-03-08,151.02183103950273,156.07451240933662,153.25795912294257,153.73505914617922,81575,,,000001,000001,0.0,0.0,0
325,2025-03-09,156.83039047722716,159.2104023758865,151.5967707875814,154.1964146805178,41681,,,000001,000001,0.0,0.0,2
326,2025-03-10,154.65416289357404,160.38812028707335,152.01059453195975,155.59343287886372,88891,,,000001,000001,0.0,0.0,0
327,2025-03-11,152.83049563470985,157.74440114423192,150.9311325184247,155.23758787530122,99632,,,000001,000001,0.0,0.0,0
328,2025-03-12,157.51855551374044,161.29448532189807,151.8402441245822,155.61574329564593,54611,,,000001,000001,0.0,0.0,0
329,2025-03-13,158.77924972845238,160.8407370278431,154.88732947986338,156.3823549753411,20889,,,000001,000001,0.0,0.0,2
330,2025-03-14,158.3661667647953,161.50606098818312,156.3163954052928,158.33645024784286,85009,,,000001,000001,0.0,0.0,0
331,2025-03-15,154.4286923917126,161.8605516191031,155.4218798138926,157.3056520085913,50154,,,000001,000001,0.0,0.0,2
332,2025-03-16,157.64922877952824,163.7427925276038,157.78214665990356,159.46091724794687,55019,,,000001,000001,0.0,0.0,0
333,2025-03-17,162.3292258633525,165.48821027809538,157.3817192218295,159.18951604280866,27561,,,000001,000001,0.0,0.0,2
334,2025-03-18,158.6219142782181,162.03637924674354,159.66854059193716,160.33514493969062,27593,,,000001,000001,0.0,0.0,2
335,2025-03-19,162.02441498821,164.0984960208632,156.37057827050978,160.59011666206408,95541,,,000001,000001,0.0,0.0,0
336,2025-03-20,160.84571608568572,168.13016772329692,159.92792497437924,162.65304721459125,26715,,,000001,000001,0.0,0.0,2
337,2025-03-21,159.18350862903503,163.4086099766264,159.65735808517778,161.16852187382383,87894,,,000001,000001,0.0,0.0,0
338,2025-03-22,163.02762082059195,165.41344940482765,160.04071118957023,162.4821383123009,22731,,,000001,000001,0.0,0.0,2
339,2025-03-23,157.7606514667223,161.4425849749291,158.68358526134065,159.3629017518814,28221,,,000001,000001,0.0,0.0,2
340,2025-03-24,158.308295731662,163.29674853317246,156.79952407719958,159.35230478979574,81910,,,000001,000001,0.0,0.0,0
341,2025-03-25,158.40572194408583,162.9897574461551,154.1438345858433,158.3641943929446,60459,,,000001,000001,0.0,0.0,0
342,2025-03-26,160.350799011828,162.72984709927283,153.02206269074034,157.37924469284724,96525,,,000001,000001,0.0,0.0,0
343,2025-03-27,158.45331480957816,163.43420241938188,153.02291730728578,157.44927397988442,87700,,,000001,000001,0.0,0.0,0
344,2025-03-28,156.72128167650237,159.01324940265548,152.93764721947505,157.0935837488727,50613,,,000001,000001,0.0,0.0,2
345,2025-03-29,159.61488706001163,160.40592382604225,156.60486853236534,157.00574352926157,88318,,,000001,000001,0.0,0.0,0
346,2025-03-30,154.57311366717707,158.44523940905012,151.92338108074813,155.8739711155053,43751,,,000001,000001,0.0,0.0,2
347,2025-03-31,154.07498599072943,162.5182332648948,154.7891542990197,157.2029927475022,79652,,,000001,000001,0.0,0.0,0
348,2025-04-01,158.76661551872,162.70996955516867,158.84873653271436,158.87162516121188,66705,,,000001,000001,0.0,0.0,0
349,2025-04-02,155.60579883131905,158.2561845662433,155.60921096866792,156.34225374946425,33634,,,000001,000001,0.0,0.0,2
350,2025-04-03,157.26536572040592,163.10762752639837,157.4298987784198,159.2772854290448,41567,,,000001,000001,0.0,0.0,2
351,2025-04-04,157.67248008474772,165.20771910572734,157.63772973060298,160.05269908396255,73943,,,000001,000001,0.0,0.0,0
352,2025-04-05,161.1536389693826,164.87743400160844,159.99747537412378,159.9983437435091,25688,,,000001,000001,0.0,0.0,2
353,2025-04-06,156.21142801752904,163.42376731079807,156.08505910555823,157.46261450876457,50510,,,000001,000001,0.0,0.0,2
354,2025-04-07,157.05863667757168,157.07399213432865,153.4272355980391,155.1740531669101,59064,,,000001,000001,0.0,0.0,0
355,2025-04-08,157.65613817049854,161.15565993152455,156.7758791849132,158.15488310747284,16156,,,000001,000001,0.0,0.0,2
356,2025-04-09,159.809870374187,165.20059360236445,156.16041152172383,160.0245721060407,15521,,,000001,000001,0.0,0.0,2
357,2025-04-10,164.67001474500336,169.0890009972538,161.96539762947842,162.84802439877643,64329,,,000001,000001,0.0,0.0,0
358,2025-04-11,168.16074932938898,172.25998451435575,162.47158546285442,165.88034150470628,91597,,,000001,000001,0.0,0.0,0
359,2025-04-12,163.2722410948639,169.54794988150135,162.3393380779652,165.93032705012362,28724,,,000001,000001,0.0,0.0,2
360,2025-04-13,167.4487598410815,170.30574056853476,159.4452850039328,164.35941077154507,89187,,,000001,000001,0.0,0.0,0
361,2025-04-14,164.0256368030772,168.75300267956624,160.8868975392552,163.19986068063434,32912,,,000001,000001,0.0,0.0,2
362,2025-04-15,168.7322883200138,167.76663830100037,164.0491709344665,166.00427063760645,71470,,,000001,000001,0.0,0.0,0
363,2025-04-16,168.12738274370878,170.17427443608827,163.6010815694246,164.8440711761547,89849,,,000001,000001,0.0,0.0,0
